agent_id,first_name,last_name,skillset,location
201,Ida,Bianchi,Integration Expert,Europe
202,Clara,Medina,Notification Specialist,Latin America
203,Sofia,Holm,Billing Specialist,Europe
204,Isabella,Lopez,Integration Expert,Latin America
205,Kofi,Ibrahim,Mobile App Support,Africa
206,Aditya,Choi,Export Specialist,Asia
207,Aaliyah,Parker,Integration Expert,North America
208,Charlotte,Jackson,Notification Specialist,North America
209,Max,Wagner,Performance Analyst,Europe
210,David,Hernandez,Mobile App Support,North America
211,Eduardo,Pena,Notification Specialist,Latin America
212,Elsa,MÃ¼ller,Export Specialist,Europe
213,William,Hernandez,Integration Expert,North America
214,Alexander,Weber,Export Specialist,Europe
215,Mahmoud,Salim,Integration Expert,Middle East
216,Finn,Meyer,Integration Expert,Europe
217,Min-jun,Kim,Mobile App Support,Asia
218,Priya,Mehta,Performance Analyst,Asia
219,Mohammed,Zaid,Performance Analyst,Middle East
220,Khaled,Youssef,Mobile App Support,Middle East
221,Theo,Jensen,Mobile App Support,Europe
222,Emma,Harris,Export Specialist,North America
223,Priya,Das,Integration Expert,Asia
224,Amelia,Baker,Notification Specialist,North America
225,Isabella,Gonzalez,Notification Specialist,Latin America
226,Valeria,Rodriguez,Performance Analyst,Latin America
227,Fernanda,Morales,Integration Expert,Latin America
228,Aisha,Zaid,Performance Analyst,Middle East
229,Arjun,Ma,Notification Specialist,Asia
230,Alexander,Karlsson,Export Specialist,Europe
231,Michael,Scott,Export Specialist,North America
232,William,Young,Mobile App Support,North America
233,Awa,Jallow,Export Specialist,Africa
234,Anita,Yamamoto,Integration Expert,Asia
235,Chukwuemeka,Obi,Export Specialist,Africa
236,Benjamin,Green,Performance Analyst,North America
237,Theo,Romano,Billing Specialist,Europe
238,Vikram,Kim,Notification Specialist,Asia
239,Ella,Bianchi,Export Specialist,Europe
240,Li,Malhotra,Billing Specialist,Asia
241,Khalid,Malik,Mobile App Support,Middle East
242,Chloe,Mitchell,Mobile App Support,North America
243,Ji-hoon,Wong,Export Specialist,Asia
244,Rami,Mahmoud,Export Specialist,Middle East
245,Victoria,Reyes,Billing Specialist,Latin America
246,Amalie,Petersen,Mobile App Support,Europe
247,Vivek,Agarwal,Export Specialist,Asia
248,Khalid,Hadi,Export Specialist,Middle East
249,Hye-jin,Rao,Export Specialist,Asia
250,Lucas,Medina,Export Specialist,Latin America
251,Daniel,Torres,Mobile App Support,Latin America
252,Saad,Qureshi,Mobile App Support,Middle East
253,Fernanda,Perez,Integration Expert,Latin America
254,Emeka,Ibrahim,Mobile App Support,Africa
255,William,Anderson,Mobile App Support,North America
256,Sakura,Gupta,Notification Specialist,Asia
257,Lars,Lindberg,Mobile App Support,Europe
258,Viktor,Hansen,Integration Expert,Europe
259,Daniel,King,Mobile App Support,North America
260,Kofi,Chukwu,Billing Specialist,Africa
261,Divya,Verma,Mobile App Support,Asia
262,Mateo,Perez,Notification Specialist,Latin America
263,Sara,Mahmoud,Integration Expert,Middle East
264,Julia,Romano,Export Specialist,Europe
265,Julia,Lindberg,Mobile App Support,Europe
266,Jae-hyun,Khan,Performance Analyst,Asia
267,Lars,Eriksson,Integration Expert,Europe
268,Alejandro,Fernandez,Export Specialist,Latin America
269,Martina,Perez,Performance Analyst,Latin America
270,Maja,Fredriksson,Notification Specialist,Europe
271,Leo,Berg,Performance Analyst,Europe
272,Kavya,Wong,Mobile App Support,Asia
273,Jens,Bianchi,Performance Analyst,Europe
274,Michael,Carter,Performance Analyst,North America
275,Martina,Diaz,Billing Specialist,Latin America
276,Sofia,Larsson,Integration Expert,Europe
277,Julia,Ek,Integration Expert,Europe
278,Hannah,Holm,Performance Analyst,Europe
279,Rafael,Rojas,Integration Expert,Latin America
280,Kavya,Jeong,Integration Expert,Asia
281,Ibrahim,Najjar,Notification Specialist,Middle East
282,Lily,Anderson,Integration Expert,North America
283,Rania,Al-Sayed,Performance Analyst,Middle East
284,Alexander,Berg,Export Specialist,Europe
285,Kweku,Ndlovu,Integration Expert,Africa
286,Laura,Gomez,Notification Specialist,Latin America
287,Noah,Petersen,Mobile App Support,Europe
288,Paula,Alvarez,Notification Specialist,Latin America
289,Arjun,Reddy,Billing Specialist,Asia
290,Maryam,Hariri,Export Specialist,Middle East
291,Tunde,Balogun,Export Specialist,Africa
292,Othman,Youssef,Billing Specialist,Middle East
293,Aaliyah,Sanchez,Integration Expert,North America
294,Gabriela,Ramirez,Performance Analyst,Latin America
295,Khaled,Mohammed,Performance Analyst,Middle East
296,Takeshi,Zhang,Performance Analyst,Asia
297,Simon,Bianchi,Mobile App Support,Europe
298,Evelyn,Mitchell,Export Specialist,North America
299,Hugo,Koch,Integration Expert,Europe
300,Omar,Al-Sayed,Billing Specialist,Middle East
